{"aaa1": {"pin": 9999, "Name": "Jill Jones", "C": 428.78, "S": 3062.31}, "bbb2": {"pin": 1234, "Name": "Brit Masters", "C": 8.62, "S": 922.07}, "ccc3": {"pin": 4825, "Name": "Jerry Seinfeld", "C": 4862.62, "S": 242896.66}, "ddd4": {"pin": 6376, "Name": "Brittany Spears", "C": 0.0, "S": 46237.99}, "eee5": {"pin": 9070, "Name": "Marty McFly", "C": 1938.3, "S": 467.43}, "fff6": {"pin": 2153, "Name": "Cindy Chase", "C": 253.0, "S": 900.71}, "hhh7": {"pin": 9256, "Name": "Mary Bertolli", "C": 9246.32, "S": 11111.65}, "jjj8": {"pin": 8376, "Name": "Brandon Lee", "C": 689.11, "S": 2020.7}, "kkk9": {"pin": 6782, "Name": "Sherlock Holmes", "C": 500.23, "S": 3922.07}, "nnn10": {"pin": 1566, "Name": "Tony Stark", "C": 583428.62, "S": 4970876.89}}